Phi,Ha,Ra,Ave Nu,CatBoost Pred Nu
0,0,10^3,3.0669,3.074069069
0,0,10^4,3.9737,3.965451194
0,0,10^5,5.7426,5.750005671
0,0,10^6,8.6036,8.599931534
0,20,10^3,3.0373,3.036644772
0,20,10^4,3.3458,3.344842646
0,20,10^5,5.1848,5.191903805
0,20,10^6,8.2882,8.286066046
0,40,10^3,3.0349,3.031535419
0,40,10^4,3.0728,3.169655856
0,40,10^5,4.3567,4.349763729
0,40,10^6,7.696,7.705065757
0,60,10^3,3.0347,3.06851666
0,60,10^4,3.0426,3.043452178
0,60,10^5,3.7188,3.722411125
0,60,10^6,6.9912,6.989520696
0,80,10^3,3.0346,3.038371008
0,80,10^4,3.0372,3.033899252
0,80,10^5,3.3546,3.405172682
0,80,10^6,6.3002,6.263285459
0,100,10^3,3.0346,3.034550908
0,100,10^4,3.0357,3.034962882
0,100,10^5,3.1802,3.243577332
0,100,10^6,5.6809,5.678837088
0.01,0,10^3,3.1554,3.157114128
0.01,0,10^4,4.0554,4.040325441
0.01,0,10^5,5.855,5.88115187
0.01,0,10^6,8.7643,8.7737134
0.01,20,10^3,3.1286,3.137923389
0.01,20,10^4,3.4032,3.400557821
0.01,20,10^5,5.2543,5.280112763
0.01,20,10^6,8.4201,8.418507422
0.01,40,10^3,3.1265,3.111989676
0.01,40,10^4,3.1575,3.186410855
0.01,40,10^5,4.3816,4.37077879
0.01,40,10^6,7.7806,7.774285378
0.01,60,10^3,3.1263,3.151774937
0.01,60,10^4,3.1328,3.13780605
0.01,60,10^5,3.7422,3.726602494
0.01,60,10^6,7.0305,7.030373358
0.01,80,10^3,3.1263,3.125208083
0.01,80,10^4,3.1284,3.126528884
0.01,80,10^5,3.3995,3.405421683
0.01,80,10^6,6.3064,6.300863954
0.01,100,10^3,3.1263,3.127627936
0.01,100,10^4,3.1272,3.134191584
0.01,100,10^5,3.2461,3.253353611
0.01,100,10^6,5.6659,5.668154801
0.02,0,10^3,3.2457,3.245980148
0.02,0,10^4,4.1373,4.13952093
0.02,0,10^5,5.9675,5.975214824
0.02,0,10^6,8.925,8.913963541
0.02,20,10^3,3.2214,3.216136368
0.02,20,10^4,3.4649,3.462773173
0.02,20,10^5,5.3236,5.321274805
0.02,20,10^6,8.5513,8.51513486
0.02,40,10^3,3.2196,3.182726663
0.02,40,10^4,3.2453,3.248429588
0.02,40,10^5,4.4091,4.405863441
0.02,40,10^6,7.8642,7.864946656
0.02,60,10^3,3.2195,3.226588726
0.02,60,10^4,3.2248,3.215181856
0.02,60,10^5,3.7726,3.771721701
0.02,60,10^6,7.0698,7.084109422
0.02,80,10^3,3.2194,3.212479909
0.02,80,10^4,3.2212,3.215153007
0.02,80,10^5,3.4526,3.463215248
0.02,80,10^6,6.3141,6.326846674
0.02,100,10^3,3.2194,3.212218138
0.02,100,10^4,3.2202,3.219353236
0.02,100,10^5,3.3185,3.316604715
0.02,100,10^6,5.6542,5.654552778
0.03,0,10^3,3.3385,3.33914879
0.03,0,10^4,4.2199,4.225664748
0.03,0,10^5,6.0813,6.076826425
0.03,0,10^6,9.0875,9.0902429
0.03,20,10^3,3.3164,3.32080281
0.03,20,10^4,3.5317,3.528842637
0.03,20,10^5,5.394,5.384166593
0.03,20,10^6,8.6833,8.673600542
0.03,40,10^3,3.3149,3.320465401
0.03,40,10^4,3.3364,3.364258348
0.03,40,10^5,4.4402,4.431022864
0.03,40,10^6,7.9482,7.961974877
0.03,60,10^3,3.3148,3.341283255
0.03,60,10^4,3.3193,3.320331282
0.03,60,10^5,3.8105,3.810334739
0.03,60,10^6,7.1103,7.116982725
0.03,80,10^3,3.3147,3.315675004
0.03,80,10^4,3.3162,3.311801746
0.03,80,10^5,3.5137,3.516479044
0.03,80,10^6,6.3244,6.319853155
0.03,100,10^3,3.3147,3.312886882
0.03,100,10^4,3.3153,3.324652692
0.03,100,10^5,3.3972,3.391254962
0.03,100,10^6,5.6469,5.644182577
0.04,0,10^3,3.4336,3.429471208
0.04,0,10^4,4.3033,4.305349361
0.04,0,10^5,6.1963,6.153771537
0.04,0,10^6,9.2514,9.252559197
0.04,20,10^3,3.4136,3.410345224
0.04,20,10^4,3.6034,3.605998658
0.04,20,10^5,5.4651,5.458583112
0.04,20,10^6,8.8159,8.817061369
0.04,40,10^3,3.4123,3.404769673
0.04,40,10^4,3.4304,3.442490598
0.04,40,10^5,4.4748,4.468761623
0.04,40,10^6,8.0324,8.028172316
0.04,60,10^3,3.4122,3.423099381
0.04,60,10^4,3.416,3.406006828
0.04,60,10^5,3.8555,3.861704304
0.04,60,10^6,7.1519,7.162062493
0.04,80,10^3,3.4121,3.41317103
0.04,80,10^4,3.4134,3.411868273
0.04,80,10^5,3.5821,3.596832277
0.04,80,10^6,6.337,6.330884785
0.04,100,10^3,3.4121,3.408304999
0.04,100,10^4,3.4127,3.422068904
0.04,100,10^5,3.4813,3.471936348
0.04,100,10^6,5.6435,5.653447032
0.05,0,10^3,3.5308,3.534149905
0.05,0,10^4,4.3871,4.391643336
0.05,0,10^5,6.3119,6.295270004
0.05,0,10^6,9.4159,9.421904454
0.05,20,10^3,3.5126,3.526793096
0.05,20,10^4,3.6796,3.680760234
0.05,20,10^5,5.5367,5.550911722
0.05,20,10^6,8.9481,8.945785787
0.05,40,10^3,3.5115,3.514697062
0.05,40,10^4,3.5269,3.512457172
0.05,40,10^5,4.5128,4.520511849
0.05,40,10^6,8.1161,8.116374632
0.05,60,10^3,3.5114,3.513339417
0.05,60,10^4,3.5146,3.454204912
0.05,60,10^5,3.9069,3.910334595
0.05,60,10^6,7.1938,7.181847361
0.05,80,10^3,3.5114,3.50489228
0.05,80,10^4,3.5124,3.46154757
0.05,80,10^5,3.6568,3.658500378
0.05,80,10^6,6.3513,6.35744879
0.05,100,10^3,3.5114,3.518162372
0.05,100,10^4,3.5118,3.506992625
0.05,100,10^5,3.5697,3.5738078
0.05,100,10^6,5.6437,5.758563046
0.025,50,500500,6.2438,6.248284855
0.025,50,10^3,3.267,3.265888496
0.025,100,500500,4.5286,5.400722441
0.025,0,500500,7.9602,7.963067069
0.025,50,10^6,7.4996,7.486279088
0,50,500500,6.1512,6.149956928
0.05,50,500500,6.3415,6.340557937
